race_date,race_time,track,horse_name,predicted_bfsp,actual_bfsp,bfsp_diff_pct,predicted_win_prob_norm,value_edge,placing_numerical
2026-03-26,2.07.,Southwell,Bold Return (IRE),26.2415502345599,68.29098327,-61.57391652890767,0.038107504741964844,160.23989687949668,4.0
2026-03-26,2.07.,Southwell,Doilookokay,31.113975296805908,25.67763486,21.17149989259527,0.032139898243817716,-17.47234284576934,8.0
2026-03-26,2.07.,Southwell,Enter Sandman (IRE),3.772311582486059,3.76364214,0.2303471521354356,0.2650894493028521,-0.2298177734392226,3.0
2026-03-26,2.07.,Southwell,Independent Angel,218.2174231857258,295.34991163,-26.11562943038968,0.00458258550303243,35.34662233575474,10.0
2026-03-26,2.07.,Southwell,Jane Of The Jungle (IRE),31.12523602123928,29.20595989,6.571522177212998,0.03212827042717423,-6.166302256887635,2.0
2026-03-26,2.07.,Southwell,Life After Love,4.988989204762054,5.02107345,-0.6389917526091282,0.20044140385100198,0.6431011156993849,1.0
2026-03-26,2.07.,Southwell,Mad Dash,10.851294868176609,13.67743886,-20.662815756307403,0.09215490060386078,26.044301865868302,7.0
2026-03-26,2.07.,Southwell,Mademoiselle Belle (IRE),6.427435645868241,6.92519114,-7.187606581090833,0.1555830435490757,7.744231472029317,5.0
2026-03-26,2.07.,Southwell,Miss Boyd,140.36721446546355,55.0,155.21311720993373,0.007124170724681892,-60.817061014249596,9.0
2026-03-26,2.07.,Southwell,Mythical Night (IRE),7.199647578572586,9.51239993,-24.313026874884713,0.13889568747450576,32.12313278097905,6.0
2026-03-26,2.07.,Southwell,Storm Flag (IRE),153.12760768455738,155.07074949,-1.2530679137318084,0.006530501031923638,1.2689689565617002,11.0
2026-03-26,2.07.,Southwell,Tenors Inn (IRE),36.7342049505338,29.59423097,24.12623591324833,0.02722258454610894,-19.436854534209935,12.0
2026-03-26,2.18.,Chepstow,Cogital,19.882237216078238,17.0,16.954336565166106,0.05029615073656432,-14.49654374784065,2.0
2026-03-26,2.18.,Chepstow,Dish Of The Day (IRE),5.782237301073568,7.12085816,-18.79858900217768,0.17294343831484285,23.150569394270537,5.0
2026-03-26,2.18.,Chepstow,Kings Order (IRE),73.37715855412196,44.33366809,65.51113795763963,0.01362821918570769,-39.58110539630651,6.0
2026-03-26,2.18.,Chepstow,Nobody Told Me,8.517253757292849,7.13876909,19.309836890842043,0.11740873625418942,-16.18461427326301,3.0
2026-03-26,2.18.,Chepstow,Silent Revolution (IRE),22.55689839984822,22.14265954,1.8707728360268079,0.04433233604522193,-1.8364176337780758,7.0
2026-03-26,2.18.,Chepstow,This Sway,3.7200116965380663,5.4,-31.11089450855433,0.26881635908043633,45.16083390343564,4.0
2026-03-26,2.18.,Chepstow,Timeforarum,3.006842728679311,2.44,23.231259372102908,0.33257476038303735,-18.851758466538893,1.0
2026-03-26,2.28.,Warwick,Big Ticket,1.2054702082591036,1.19,1.3000175007650094,0.82955181567213,-1.2833339350165396,3.0
2026-03-26,2.28.,Warwick,Bobbarelli,6.735369081946723,7.4,-8.98149889261186,0.14846996323933745,9.86777279710973,2.0
2026-03-26,2.28.,Warwick,La Vish (FR),45.499587795199815,32.0,42.186211859999425,0.021978221088532576,-29.669692516695754,1.0
2026-03-26,2.37.,Southwell,Appier (IRE),4.4972575850630125,4.44381288,1.2026767666916758,0.22235773270389372,-1.1883843442839659,3.0
2026-03-26,2.37.,Southwell,Green Team (FR),9.562290636957012,11.5,-16.849646635156414,0.10457745303569103,20.26407099104468,2.0
2026-03-26,2.37.,Southwell,Prince Quattro (IRE),4.121820015533371,6.07092315,-32.105547810576866,0.24261127274636668,47.28743921668816,4.0
2026-03-26,2.37.,Southwell,St Faz (FR),2.3231310781708676,1.95,19.134927085685522,0.4304535415140486,-16.06155940476053,1.0
2026-03-26,2.42.,Clonmel,Ad Caelum (IRE),18.449661691776587,21.0,-12.144468134397204,0.05420153587129034,13.823225329709722,3.0
2026-03-26,2.42.,Clonmel,Fancy Girl (IRE),3.687182289928099,3.25,13.451762767018424,0.27120980775254816,-11.85681248042184,4.0
2026-03-26,2.42.,Clonmel,Gaoth Chuil (IRE),8.260113129792511,5.6,47.50202017486628,0.12106371720179084,-32.20431836699714,2.0
2026-03-26,2.42.,Clonmel,Kilbarry Saint (FR),2.460547393799269,2.56,-3.884867429716065,0.4064136307717794,4.041889477575511,1.0
2026-03-26,2.42.,Clonmel,Neon Diamond (IRE),7.92492679141715,14.27394556,-44.47977429852864,0.12618413094781133,80.11454156849702,5.0
2026-03-26,2.42.,Clonmel,Party Dress (IRE),47.7847527293554,200.0,-76.1076236353223,0.02092717745477993,318.5435490955986,
2026-03-26,2.50.,Chepstow,Badentaggart (IRE),25.628627989869244,9.97871877,156.83285179775882,0.039018865949253724,-61.0641709968068,
2026-03-26,2.50.,Chepstow,Benignitas (IRE),14.918829611649903,13.5,10.509848975184466,0.06702938675692859,-9.510327878146407,7.0
2026-03-26,2.50.,Chepstow,Bridget Mary (IRE),17.65939247882631,12.5,41.27513983061047,0.056627089589803524,-29.216138012745585,2.0
2026-03-26,2.50.,Chepstow,Flemenstide (IRE),77.83788824962522,180.0,-56.75672875020821,0.012847213901705701,131.24985023070263,6.0
2026-03-26,2.50.,Chepstow,Just In A Bit,3.8864965649542467,5.196014,-25.20234616468996,0.25730114083138844,33.694032997586596,3.0
2026-03-26,2.50.,Chepstow,Montmartin (FR),9.237329221407135,11.0,-16.02427980538968,0.10825639922874468,19.082039151619146,8.0
2026-03-26,2.50.,Chepstow,Moor End (IRE),11.892519209246943,10.30632078,15.39054006862518,0.08408647338761135,-13.337783200834409,1.0
2026-03-26,2.50.,Chepstow,Night Jet,14.01659936540605,17.25637988,-18.774392642739798,0.07134398108488926,23.11388397523837,9.0
2026-03-26,2.50.,Chepstow,Tom Taggle (IRE),6.1682793838152685,6.13214411,0.5892763308732634,0.16211976432582884,-0.5858242074780695,4.0
2026-03-26,2.50.,Chepstow,Yes And Yes (IRE),7.073652320843852,8.52774436,-17.051308971885597,0.14136968494384594,20.556453345485902,5.0
2026-03-26,2.58.,Warwick,El Arco (IRE),15.875216204706657,9.0,76.3912911634073,0.06299126809394393,-43.307858715450465,5.0
2026-03-26,2.58.,Warwick,Ffree Pedro (IRE),26.76667659809813,26.0,2.9487561465312675,0.03735988651168796,-2.864295069611311,
2026-03-26,2.58.,Warwick,Getaway Sam (IRE),2.341887062767406,3.75,-37.5496783262025,0.4270060738190768,60.1272776821538,2.0
2026-03-26,2.58.,Warwick,Hitthekettle (IRE),35.62067147558597,19.20335549,85.49191308849728,0.028073586447840807,-46.08929395628666,4.0
2026-03-26,2.58.,Warwick,Kampari (FR),3.896022038181559,3.95,-1.3665306789478748,0.2566720593979861,1.385463462204517,1.0
2026-03-26,2.58.,Warwick,Miss Jaffa Cake,22.399840230421272,22.0,1.8174555928239657,0.04464317556345325,-1.7850137604028427,6.0
2026-03-26,2.58.,Warwick,Silver Gale (IRE),6.980610299689056,4.43835808,57.27911479573671,0.1432539501660111,-36.418767278876714,3.0
2026-03-26,3.07.,Southwell,Bitacora (IRE),11.367616895170338,11.97517268,-5.073461578089429,0.08796918555769252,5.3446187572329995,7.0
2026-03-26,3.07.,Southwell,Brother Dave,8.070242059096238,8.78163426,-8.100909008977139,0.12391202056608289,8.815004502893808,3.0
2026-03-26,3.07.,Southwell,Clipsham Noble (IRE),13.856188292194734,7.89042879,75.60754505199374,0.0721699199601167,-43.05483857746996,4.0
2026-03-26,3.07.,Southwell,Dequinto (IRE),13.992415319679845,22.36457966,-37.43492821058527,0.07146728975329476,59.833589477186244,2.0
2026-03-26,3.07.,Southwell,Elettaria (IRE),22.461718288435996,49.20777251,-54.35331220515758,0.04452019151690775,119.07394562656286,5.0
2026-03-26,3.07.,Southwell,Miss Helena (IRE),432.2091567415681,537.53241697,-19.59384344150355,0.0023136946184551394,24.368586038867313,11.0
2026-03-26,3.07.,Southwell,Pop Favorite,45.79972163913476,53.74236525,-14.779110621420294,0.02183419383810237,17.3421220186597,9.0
2026-03-26,3.07.,Southwell,Saved Lizzie,38.678276255000085,29.7482101,30.018835166825998,0.025854306262439147,-23.088066531521456,10.0
2026-03-26,3.07.,Southwell,Sir Maxi,21.968887120261222,25.43865347,-13.639740616895068,0.045518919302823084,15.794001447341044,8.0
2026-03-26,3.07.,Southwell,Sold Out,4.965998778264493,3.90731057,27.09506166192704,0.20136936085785306,-21.31873678459666,6.0
2026-03-26,3.07.,Southwell,Spirit Of Bowland,3.299557764797904,4.10924273,-19.70399458982789,0.30307091776623263,24.53919655053194,1.0
2026-03-26,3.12.,Clonmel,Free Flowing (IRE),20.36860311608775,19.16460759,6.2823907060637705,0.04909516839719701,-5.911036310274998,6.0
2026-03-26,3.12.,Clonmel,Is Charlie Around (IRE),5.186410468829597,4.08748242,26.885205510672193,0.19281158057388914,-21.18860540318147,2.0
2026-03-26,3.12.,Clonmel,Lagoon Nebula,19.10443239883721,48.58589163,-60.679053614319336,0.05234387387823492,154.31737837423097,
2026-03-26,3.12.,Clonmel,Reliable Prince (FR),60.87154129721852,32.0,90.22356655380787,0.016428038105972754,-47.43027806088719,3.0
2026-03-26,3.12.,Clonmel,Soldante (IRE),9.988325497458094,15.5,-35.55919033898004,0.10011688147873112,55.181166292033225,4.0
2026-03-26,3.12.,Clonmel,Speedy Box (IRE),63.744234180148815,35.65744776,78.76835888309472,0.015687693371197787,-44.06168931416167,7.0
2026-03-26,3.12.,Clonmel,Tell Us This (IRE),4.625135060100359,5.61079526,-17.56721024783287,0.21620990241489327,21.310949563454564,5.0
2026-03-26,3.12.,Clonmel,Youlita (IRE),2.79871479382907,2.48425753,12.657997813498431,0.35730686177988397,-11.235773810265403,1.0
2026-03-26,3.20.,Chepstow,Evening Tess,16.15310334431893,11.87248864,36.05490671852037,0.061907608629997495,-26.500261981078864,5.0
2026-03-26,3.20.,Chepstow,Hollysaway (IRE),97.44302184402785,960.0,-89.84968522458044,0.010262407518525541,885.191121778452,6.0
2026-03-26,3.20.,Chepstow,Just A Glance,1.4965074465496107,1.75661318,-14.807228843084813,0.6682225352808153,17.3808512647295,1.0
2026-03-26,3.20.,Chepstow,Lady Dapple Rose (IRE),62.66485212576061,13.83074781,353.0836147590823,0.01595790887678349,-77.92901867502472,3.0
2026-03-26,3.20.,Chepstow,Miss Denver,73.27611404109479,84.69150065,-13.478786562161607,0.013647011895843426,15.578591684738118,4.0
2026-03-26,3.20.,Chepstow,Skiptothepost,590.6304808705424,1000.0,-40.93695191294576,0.0016931059814692926,69.31059814692927,7.0
2026-03-26,3.20.,Chepstow,The Procrastinator,4.380020728200376,3.87487157,13.036539381365245,0.22830942181656552,-11.533031223985258,2.0
2026-03-26,3.28.,Warwick,Claim Du Brizais (FR),7.411252714147782,7.2,2.9340654742747474,0.13492995564583035,-2.850431935002151,3.0
2026-03-26,3.28.,Warwick,Drumheller (IRE),11.708281721834867,27.87058868,-57.99054746828236,0.08540962916318388,138.04166437184304,
2026-03-26,3.28.,Warwick,El Rojo Grande (IRE),4.644081981850727,4.95590583,-6.291964755699827,0.21532780943748264,6.71443461523491,1.0
2026-03-26,3.28.,Warwick,Full Force Gale (IRE),19.155896936660547,12.05630808,58.88692300786449,0.052203245992945416,-37.06215835330246,2.0
2026-03-26,3.28.,Warwick,Harthill (FR),20.148196554226814,29.0,-30.52346015783857,0.04963223369935875,43.93347772814038,7.0
2026-03-26,3.28.,Warwick,Kap De Triomphe (FR),4.345206851426487,3.54973808,22.4092243849858,0.23013864108027685,-18.306810207788903,4.0
2026-03-26,3.28.,Warwick,Kingoftheswingerz (IRE),9.437521523247119,8.18168396,15.349377577854007,0.10596002324728317,-13.306857739647604,6.0
2026-03-26,3.28.,Warwick,Knightsbridge (FR),9.189828443287427,12.0,-23.41809630593811,0.10881595953300251,30.57915143960299,5.0
2026-03-26,3.28.,Warwick,Sawpit Samantha,56.87472628121162,81.32803227,-30.067499859834463,0.017582502200636466,42.995030636070844,8.0
2026-03-26,3.37.,Southwell,Brouhaha (IRE),86.07970287084603,63.65734123,35.22352835917529,0.011617140471551114,-26.048372488562766,6.0
2026-03-26,3.37.,Southwell,Crest of Fire (IRE),1.295549011168686,1.5225614,-14.90990043694225,0.77187353884661,17.52248559292491,1.0
2026-03-26,3.37.,Southwell,Finlaggan,31.6980484428226,26.0,21.915570933933076,0.03154768350498973,-17.976022887026698,8.0
2026-03-26,3.37.,Southwell,Ghadra (IRE),792.6150519398518,1000.0,-20.738494806014817,0.001261646492269599,26.16464922695989,11.0
2026-03-26,3.37.,Southwell,Immediate Jewel,385.41170447586296,973.07655606,-60.39245811897883,0.002594628000101711,152.47716785958184,7.0
2026-03-26,3.37.,Southwell,King Of Berkshire (IRE),29.17474063261432,13.5,116.10918987121718,0.034276225882951095,-53.727095058016026,4.0
2026-03-26,3.37.,Southwell,My Dad Frank,655.0432726909493,1000.0,-34.49567273090508,0.0015266167010493093,52.66167010493093,9.0
2026-03-26,3.37.,Southwell,Powder Monkey (IRE),8.506130443274156,5.8,46.65742143576131,0.1175622695500403,-31.81388366097664,3.0
2026-03-26,3.37.,Southwell,Regulus Black,82.33964506264824,65.0,26.676377019458837,0.012144817957851876,-21.058683273962806,5.0
2026-03-26,3.37.,Southwell,Silver Splash,112.70003895721868,390.0,-71.10255411353367,0.00887311139599165,246.05134444367437,10.0
2026-03-26,3.37.,Southwell,Superfortress (IRE),148.75814034395344,70.0,112.51162906279065,0.006722321196593575,-52.94375162384497,2.0
2026-03-26,3.42.,Clonmel,Brown Boots (IRE),4.858172460595515,3.75,29.551265615880407,0.20583871982951793,-22.810480063930772,3.0
2026-03-26,3.42.,Clonmel,Brucejack (IRE),21.671231653350087,29.0,-25.271614988447975,0.046144123970241126,33.81795951369926,5.0
2026-03-26,3.42.,Clonmel,Ceroc (IRE),19.35581449243279,25.05176061,-22.73670983145807,0.05166406200012678,29.42757133673737,
2026-03-26,3.42.,Clonmel,Cordal Boy (IRE),13.187781670335422,19.34476825,-31.827657483901774,0.07582776428953163,46.687052709661515,9.0
2026-03-26,3.42.,Clonmel,Insouciant Dallier (FR),19.468814128450642,29.0,-32.866158177756404,0.05136419678169589,48.956170666918084,6.0
2026-03-26,3.42.,Clonmel,Live To Laugh (IRE),9.238808287982323,6.4,44.35637949972379,0.10823906815999008,-30.72699637760634,1.0
2026-03-26,3.42.,Clonmel,Love Like This (IRE),43.49166952426948,62.9150316,-30.872371167545467,0.022992909008516537,44.65995968467426,10.0
2026-03-26,3.42.,Clonmel,Milanaway (IRE),27.070905589008547,50.0,-45.85818882198291,0.03694002761422302,84.70013807111509,13.0
2026-03-26,3.42.,Clonmel,Mount Shenshan (IRE),31.13890431493358,36.0,-13.503043569628945,0.03211416785530313,15.61100427909128,4.0
2026-03-26,3.42.,Clonmel,Nettuno Italia (IRE),7.465176625892607,9.08286354,-17.810318375733225,0.13395530341928522,21.66977414166631,8.0
2026-03-26,3.42.,Clonmel,Patsys Pride (IRE),38.29156776070997,60.0,-36.180720398816725,0.026115410219011072,56.69246131406644,7.0
2026-03-26,3.42.,Clonmel,Plain Or Battered (IRE),9.294933269562296,6.6,40.8323222660954,0.10758549534450725,-28.993573072625225,2.0
2026-03-26,3.42.,Clonmel,Seeitoldya,69.25489765305686,75.0,-7.660136462590855,0.0144394119966743,8.295589975057238,12.0
2026-03-26,3.42.,Clonmel,Zolpharine (IRE),11.523480192758417,22.0,-47.62054457837083,0.08677933951137608,90.91454692502737,11.0
2026-03-26,3.50.,Chepstow,Amateur (IRE),17.985128438748912,50.0,-64.02974312250217,0.05560149338969982,178.00746694849914,
2026-03-26,3.50.,Chepstow,Esperti (IRE),27.481801628467217,24.0,14.50750678528007,0.03638771626108177,-12.669480973403758,2.0
2026-03-26,3.50.,Chepstow,Gingerbred,8.07914069895492,10.5,-23.055802867096002,0.12377553965972586,29.964316642712152,6.0
2026-03-26,3.50.,Chepstow,Gold Emery (FR),11.140466281473183,17.94338329,-37.913234636848784,0.08976284966303609,61.064921670650385,3.0
2026-03-26,3.50.,Chepstow,Handin Manypockets (IRE),13.064350416446816,13.57178096,-3.738864818469514,0.07654418077619014,3.8840855257095352,1.0
2026-03-26,3.50.,Chepstow,Lightonthewing (IRE),5.242383393236036,3.7,41.68603765502799,0.19075293144149777,-29.42141536664582,5.0
2026-03-26,3.50.,Chepstow,River Voyage (IRE),4.84427499698741,4.77702328,1.4078163962267838,0.20642923876573616,-1.3882720743399912,4.0
2026-03-26,3.50.,Chepstow,Stellar Stream (IRE),9.58156612463198,8.0,19.769576557899747,0.10436707183278028,-16.506342533775776,
2026-03-26,3.50.,Chepstow,To Be Sure,8.592617115037596,9.4,-8.58917962725962,0.11637897821025213,9.396239517637017,7.0
2026-03-26,3.58.,Warwick,Ajs Diamond (IRE),2.7408866475776463,2.28,20.214326648142393,0.36484544185137485,-16.81523925788654,1.0
2026-03-26,3.58.,Warwick,Gower Spirit,14.585751561521754,14.5,0.5913900794603701,0.06856005984896046,-0.58791321900733,2.0
2026-03-26,3.58.,Warwick,Ip Up (FR),3.875214899067327,3.5,10.720425687637913,0.25805020522621247,-9.68242817082563,5.0
2026-03-26,3.58.,Warwick,Lady Magic (FR),5.826235668737205,8.02483063,-27.397400177438954,0.17163740996023646,37.73611447027727,3.0
2026-03-26,3.58.,Warwick,Mistral Milly (IRE),21.885203221734596,42.0,-47.89237328158429,0.04569297300410177,91.91048661722745,4.0
2026-03-26,3.58.,Warwick,Pure Seduction (IRE),10.963240133042847,16.91402341,-35.182541330993416,0.09121391010911388,54.27942109031878,6.0
2026-03-26,4.07.,Southwell,Akrivos (IRE),6.035134992909416,5.95012504,1.4287086798669462,0.16569637649777247,-1.4085841163336554,8.0
2026-03-26,4.07.,Southwell,Fickle Mcselfish,5.525181356702749,5.41215129,2.0884498722641824,0.18098953417825328,-2.0457259120667537,3.0
2026-03-26,4.07.,Southwell,Forceful Lady,83.69956772549311,96.71094645,-13.453884179733292,0.011947493005933663,15.545335630860002,12.0
2026-03-26,4.07.,Southwell,Kwidsin,18.332439682083503,16.0,14.577748013021896,0.05454811347216983,-12.723018444528266,10.0
2026-03-26,4.07.,Southwell,Maximum Velocity (IRE),5.641480729360322,7.2,-21.646100981106642,0.17725842699340183,27.626067435249336,9.0
2026-03-26,4.07.,Southwell,Mereside Princess (IRE),11.76279780453576,13.0,-9.51693996510954,0.08501378809847415,10.517924528016387,6.0
2026-03-26,4.07.,Southwell,Popty Ping,9.315910048712007,8.0,16.448875608900092,0.10734324341595132,-14.125405267238932,1.0
2026-03-26,4.07.,Southwell,Quick Quasar (IRE),14.301404726926268,8.8,62.51596280598031,0.0699232011885678,-38.46758295406033,2.0
2026-03-26,4.07.,Southwell,Saxon Grace (IRE),10.21071366842087,15.0,-31.92857554386086,0.09793634729889103,46.904520948336526,7.0
2026-03-26,4.07.,Southwell,Serragasso,133.93147772970167,114.90883181,16.554555137376497,0.007466504640665459,-14.203267403718844,11.0
2026-03-26,4.07.,Southwell,Sirhana (IRE),50.40590083368486,53.77284607,-6.261422785641926,0.01983894709668055,6.679664842067656,5.0
2026-03-26,4.07.,Southwell,Tickettothestars (IRE),45.37611878731368,70.0,-35.17697316098046,0.022038024113238647,54.26616879267052,4.0
2026-03-26,4.12.,Clonmel,Ballinaboola Hanna (IRE),381.8016840409777,493.98483395,-22.70983686118129,0.002619160788962557,29.38257074240196,6.0
2026-03-26,4.12.,Clonmel,Boedic (FR),1.695590898365681,2.1135857,-19.776572184147476,0.5897649019960322,24.65186632207148,1.0
2026-03-26,4.12.,Clonmel,Checkpoint Georgie (IRE),765.3868062546211,1000.0,-23.46131937453789,0.0013065289234517195,30.652892345171967,14.0
2026-03-26,4.12.,Clonmel,Colesberg (IRE),654.9503581685145,960.0,-31.776004357446404,0.001526833274503999,46.57599435238391,9.0
2026-03-26,4.12.,Clonmel,Figero (IRE),174.62747411567435,360.7447083,-51.592505697837744,0.005726475774010186,106.57958326823214,13.0
2026-03-26,4.12.,Clonmel,Hey Now,15.168084334349768,24.86147811,-38.989611690671246,0.06592790348187819,63.90651292529073,5.0
2026-03-26,4.12.,Clonmel,Home By The Sea (IRE),510.15685933435526,1000.0,-48.98431406656447,0.0019601814259731496,96.01814259731496,12.0
2026-03-26,4.12.,Clonmel,Karlynn (FR),295.53288893968556,849.9624252,-65.22988779531691,0.003383718149231394,187.6033284313971,4.0
2026-03-26,4.12.,Clonmel,Knowing Me (IRE),643.0251343208942,1000.0,-35.69748656791059,0.0015551491638909432,55.51491638909432,11.0
2026-03-26,4.12.,Clonmel,Kome Dans Un Reve (FR),392.34549066699896,809.34687128,-51.52319671706448,0.0025487740366276937,106.28422921443197,
2026-03-26,4.12.,Clonmel,Me Wee Nanny Fran (IRE),59.372897308756514,55.0,7.950722379557297,0.016842701726339986,-7.365140505130086,10.0
2026-03-26,4.12.,Clonmel,Nameyourgame (IRE),145.06832548126542,402.08139506,-63.920657045169214,0.006893303529095627,177.1669099550791,8.0
2026-03-26,4.12.,Clonmel,Polepatrick (IRE),9.733137449368519,3.45,182.11992606865272,0.10274179371266143,-64.5540811691318,3.0
2026-03-26,4.12.,Clonmel,San Hilario (FR),5.565648972790435,5.8,-4.040534951889044,0.179673566351173,4.210668483680324,2.0
2026-03-26,4.12.,Clonmel,Shabra Diya (IRE),107.096729780915,690.7161203,-84.49482694360752,0.009337353269755986,544.9460424356374,
2026-03-26,4.12.,Clonmel,Two Can Plan,122.07546261204678,270.0,-54.786865699241936,0.008191654396411986,121.17466870312361,7.0
2026-03-26,4.20.,Chepstow,Bells Of Ufford (IRE),19.847350370187904,15.4490078,28.470065049665543,0.05038455921562555,-22.16085516782391,4.0
2026-03-26,4.20.,Chepstow,Can You Hear Me (IRE),19.59408268638304,19.5,0.48247531478481803,0.05103581606782504,-0.48015866774117066,2.0
2026-03-26,4.20.,Chepstow,Hidden Target (IRE),16.162180618472235,11.5,40.54070103019335,0.06187283904357995,-28.846235099883057,3.0
2026-03-26,4.20.,Chepstow,Inion Tiogair (IRE),7.192792701272679,7.00655436,2.6580588931972393,0.13902805788119849,-2.58923548901564,1.0
2026-03-26,4.20.,Chepstow,Izzys Grey (IRE),28.116176863644622,42.20871417,-33.38774370049799,0.03556671324304555,50.12252332420633,6.0
2026-03-26,4.20.,Chepstow,Le Fabuleux Bucks (FR),5.8461454410136335,6.8,-14.027272926270093,0.1710528775053217,16.31595670361876,9.0
2026-03-26,4.20.,Chepstow,Locked Down Lad,7.108904559273,10.45474127,-32.00305607110447,0.1406686489686487,47.06543297676744,8.0
2026-03-26,4.20.,Chepstow,Luwdvig (FR),6.274849763405021,6.15109888,2.0118500095550487,0.15936636536415721,-1.9721728498861668,5.0
2026-03-26,4.20.,Chepstow,Nancefordshore,23.861647601695513,9.8,143.48620001730112,0.041908254479835,-58.92991060976169,
2026-03-26,4.20.,Chepstow,Sailing By (IRE),6.706194396779149,9.02527962,-25.695439043038203,0.1491158682307629,34.58124065617096,7.0
2026-03-26,4.30.,Warwick,Fever Dream (IRE),5.38497058436635,4.8,12.186887174298963,0.1857020357554414,-10.863022837388137,1.0
2026-03-26,4.30.,Warwick,Get Up Mush (IRE),6.33203919263523,5.1,24.15763122814178,0.1579270073317133,-19.45722626082622,2.0
2026-03-26,4.30.,Warwick,Imperial Alex (IRE),9.444223533009344,10.25270091,-7.885506307924235,0.10588482965325961,8.560548934116973,5.0
2026-03-26,4.30.,Warwick,Lord Accord (IRE),24.296660763726834,20.0,21.48330381863417,0.04115791917763975,-17.684161644720497,3.0
2026-03-26,4.30.,Warwick,New Order (IRE),4.932235622139954,5.77046799,-14.526245866239456,0.2027478159216832,16.99497818184852,6.0
2026-03-26,4.30.,Warwick,Pilsdon Pen,11.993097886673677,11.70823254,2.4330345822946744,0.08338129226070655,-2.37524407259454,7.0
2026-03-26,4.30.,Warwick,The Famous Five (FR),13.095078137565714,10.5,24.715029881578232,0.07636456915299424,-19.817202389356048,4.0
2026-03-26,4.30.,Warwick,Yes Day (IRE),6.810387140651619,9.0,-24.32903177053757,0.14683453074656191,32.151077671905725,8.0
2026-03-26,4.37.,Southwell,Fair Y Isle,10.870379254968107,13.0,-16.381698038706872,0.0919931105019145,19.59104365248885,2.0
2026-03-26,4.37.,Southwell,Harswell Angel (IRE),21.25004746256269,23.0,-7.608489293205692,0.047058718422241255,8.235052371154893,4.0
2026-03-26,4.37.,Southwell,Horwich,26.996770615044664,46.0,-41.31136822816377,0.03704146745028546,70.39075027131314,7.0
2026-03-26,4.37.,Southwell,Numero Vingt,5.116666814675585,7.6,-32.675436649005455,0.1954397337602299,48.53419765777473,6.0
2026-03-26,4.37.,Southwell,Riley Rocks,6.536336810825691,7.37622256,-11.386393812584593,0.15299089213759118,12.849487005982674,1.0
2026-03-26,4.37.,Southwell,Start Me Up,5.290145186107448,3.60076423,46.917288891959714,0.18903072880232458,-31.934491335775895,5.0
2026-03-26,4.37.,Southwell,Wyle Cop (USA),3.491067331871351,3.25,7.417456365272337,0.28644534892541307,-6.9052615992407524,3.0
2026-03-26,4.42.,Clonmel,Chautuaqua (IRE),9.990077630680098,19.77111165,-49.47134077471007,0.10009932224439808,97.90748761833233,10.0
2026-03-26,4.42.,Clonmel,Early Bird (IRE),4.672072844135919,4.84451568,-3.5595474812062204,0.21403775869101327,3.690927809067013,2.0
2026-03-26,4.42.,Clonmel,Isdistheone (IRE),25.689925384319757,14.19358434,80.99674309836637,0.038925765063154504,-44.75038705770912,5.0
2026-03-26,4.42.,Clonmel,Jury Belle (IRE),19.87181481983192,19.0,4.58849905174694,0.050322530129558556,-4.387192753838742,7.0
2026-03-26,4.42.,Clonmel,Lady Aquarelle (FR),273.30035254249964,1000.0,-72.66996474575002,0.003658978082893233,265.8978082893233,9.0
2026-03-26,4.42.,Clonmel,Mind The Steps (IRE),361.4841112760137,1000.0,-63.85158887239864,0.0027663733171288487,176.63733171288487,
2026-03-26,4.42.,Clonmel,Miss Georgina (IRE),8.67977381763484,10.07690602,-13.86469417887018,0.11521037540958538,16.096412553131078,3.0
2026-03-26,4.42.,Clonmel,Mysilverriverfeale (IRE),85.96558129410815,130.0,-33.87262977376297,0.011632562531959954,51.22331291547941,8.0
2026-03-26,4.42.,Clonmel,Sarahs Express (IRE),99.945266613864,95.28506917,4.890795047385289,0.010005476335997727,-4.662749524565846,4.0
2026-03-26,4.42.,Clonmel,Sound Judgement (IRE),4.144781032674031,3.60730736,14.899580740855711,0.24126726891404537,-12.967480511926489,6.0
2026-03-26,4.42.,Clonmel,Tangara Bay (FR),4.740840966600187,4.38268086,8.172169456121136,0.21093304058185544,-7.554780030029895,1.0
2026-03-26,4.42.,Clonmel,Windy Grey (IRE),876.7709799628906,1000.0,-12.322902003710942,0.0011405486984096178,14.054869840961782,
2026-03-26,4.50.,Chepstow,Blue In The West (IRE),10.337872530836362,8.8,17.475824214049563,0.09673170151954827,-14.87610266279752,
2026-03-26,4.50.,Chepstow,Bredon Hill Dart,9.36698208720291,11.99580893,-21.914544139017817,0.10675797078401499,28.06482192795663,
2026-03-26,4.50.,Chepstow,Clondaw Royale (IRE),10.931811925410392,28.75243204,-61.9795226010718,0.09147614382896173,163.01616087234873,
2026-03-26,4.50.,Chepstow,Colby Mayfield (IRE),28.59945534401566,32.03981064,-10.737751651032665,0.0349657008488886,12.029443409327811,5.0
2026-03-26,4.50.,Chepstow,Colonial Empire,14.323293643873816,16.72832311,-14.376990749828872,0.06981634426155242,16.791036516624345,
2026-03-26,4.50.,Chepstow,Crystello (IRE),5.508561132790475,3.27522536,68.18876649118506,0.18153560900819657,-40.54299696333102,4.0
2026-03-26,4.50.,Chepstow,Devon Dude,31.052587278673375,20.0,55.26293639336688,0.03220343577254159,-35.59312845491682,
2026-03-26,4.50.,Chepstow,Jacks Jury (IRE),14.837273369073468,15.69841557,-5.485535766884603,0.06739782809989746,5.803911402761375,3.0
2026-03-26,4.50.,Chepstow,Lion Of The Desert (IRE),17.623189460675725,28.73288522,-38.66543743957598,0.05674341765611689,63.0402106503728,9.0
2026-03-26,4.50.,Chepstow,No Rematch (IRE),26.195149984038473,32.0,-18.140156299879774,0.03817500570179332,22.160018245738634,7.0
2026-03-26,4.50.,Chepstow,Northern Symphonie,46.939346498329506,44.0,6.680332950748878,0.021304088671869097,-6.262009843775973,10.0
2026-03-26,4.50.,Chepstow,Richardson,62.18104525699655,119.77949438,-48.08706984542161,0.01608207124642185,92.63023624795457,2.0
2026-03-26,4.50.,Chepstow,Rodney Bay (IRE),47.806712357518094,68.3060375,-30.01100033431438,0.020917564724417612,42.879596047474664,8.0
2026-03-26,4.50.,Chepstow,Teorie (IRE),28.652951514742284,40.0,-28.36762121314429,0.03490041853054782,39.60167412219131,6.0
2026-03-26,4.50.,Chepstow,The Italian Fox (IRE),7.634013231260278,12.0,-36.383223072831015,0.13099269934523192,57.19123921427829,1.0
2026-03-26,5.00.,Warwick,Affinitive (IRE),11.445314982898328,9.45938405,20.99429436844069,0.08737199469776125,-17.35147469393127,5.0
2026-03-26,5.00.,Warwick,Aribidia,7.553767356548916,4.67146706,61.70010961286573,0.13238427301219788,-38.15712293614706,3.0
2026-03-26,5.00.,Warwick,Close To Me,129.9813818475343,70.0,85.68768835362042,0.007693409515933451,-46.146133388465834,9.0
2026-03-26,5.00.,Warwick,Ivor Bear (IRE),2.2061159112110467,3.11815789,-29.24938412239777,0.45328533959534806,41.34152580805639,2.0
2026-03-26,5.00.,Warwick,Krackerjack,38.905317245388886,72.67245006,-46.464833353949416,0.025703427469635182,86.79310491578948,10.0
2026-03-26,5.00.,Warwick,Nightflyer (GER),28.713364784646032,38.0,-24.438513724615703,0.03482698762406043,32.34255297142965,4.0
2026-03-26,5.00.,Warwick,Order Driven (IRE),128.84209373040167,120.0293529,7.342154745884384,0.007761438603229088,-6.839954688133265,7.0
2026-03-26,5.00.,Warwick,Saint Argente (IRE),8.181731749758933,9.63061559,-15.04456103247982,0.12222351338143835,17.708767343585375,1.0
2026-03-26,5.00.,Warwick,Sevenkingsmustdie (IRE),21.088912659697822,12.5,68.71130127758258,0.04741828164099992,-40.7271479487501,6.0
2026-03-26,5.00.,Warwick,The Honorable Norm,14.800311486102238,11.5,28.698360748715114,0.0675661455462622,-22.29893262179847,8.0
2026-03-26,5.00.,Warwick,Zotay Nzuri,72.64702332169497,75.0,-3.1373022377400352,0.013765188913134238,3.2389168485067676,11.0
2026-03-26,5.07.,Southwell,Blackjack,20.176570673282722,16.2264,24.344097725205344,0.049562436362100594,-19.57800826140109,7.0
2026-03-26,5.07.,Southwell,Dragon God,28.273511011029402,40.566,-30.302442905316273,0.03536879447373562,43.477051662155944,8.0
2026-03-26,5.07.,Southwell,Good Earth (IRE),9.710756319744261,10.38650929,-6.5060642742248795,0.10297859065485598,6.958808850776865,1.0
2026-03-26,5.07.,Southwell,Insuspense,3.553354518586481,3.813204,-6.814465772445398,0.2814242133086677,7.3127935885464845,2.0
2026-03-26,5.07.,Southwell,Ramon Di Loria (IRE),9.294295676839868,12.73484933,-27.01683831511913,0.10759287575624103,37.017906173713925,6.0
2026-03-26,5.07.,Southwell,Rock Of England (IRE),14.525132049012198,27.68209364,-47.52878074213393,0.0688461899434509,90.58066767718343,9.0
2026-03-26,5.07.,Southwell,Travel Agent (IRE),18.113839965908326,12.40709902,45.99577174897348,0.05520640581357011,-31.504865653273196,4.0
2026-03-26,5.07.,Southwell,Winchurch (IRE),7.617635853876814,7.626408,-0.11502329960822968,0.131274324368114,0.11515575555796076,3.0
2026-03-26,5.07.,Southwell,Ziggys Angel (FR),5.961387995076914,4.786788,24.53837510825453,0.16774616931926403,-19.70346496565788,5.0
2026-03-26,5.12.,Clonmel,Anodandawink (IRE),7.173329248308157,11.5,-37.623223927755156,0.13940528384861908,60.316076425911945,11.0
2026-03-26,5.12.,Clonmel,Ballinaboola Gold (IRE),46.704615295759716,45.69193928,2.2163121804790165,0.02141116019621276,-2.168256840029381,10.0
2026-03-26,5.12.,Clonmel,Bella Union (IRE),11.716564895969576,18.0,-34.90797280016903,0.08534924774274016,53.62864593693231,13.0
2026-03-26,5.12.,Clonmel,Bite That (IRE),33.24124576489837,75.6667133,-56.06886527090853,0.030083108409130862,127.62899391665243,12.0
2026-03-26,5.12.,Clonmel,Courtbrack Boy (IRE),4.704351292062352,3.46315007,35.840237846301356,0.21256915946887284,-26.38411005055319,4.0
2026-03-26,5.12.,Clonmel,Embrace The Day (IRE),23.30110619749913,25.51523782,-8.677683657588062,0.04291641742344955,9.50225969417069,8.0
2026-03-26,5.12.,Clonmel,Falcon Park (IRE),23.132252918921562,30.0,-22.892490270261458,0.04322968469629808,29.68905408889424,7.0
2026-03-26,5.12.,Clonmel,Finnicky Filly (IRE),12.535374298593535,21.44956169,-41.55883239125743,0.07977424336760329,71.112255438648,14.0
2026-03-26,5.12.,Clonmel,Ixigreczed (FR),26.738334937782195,40.0,-33.15416265554451,0.03739948662947465,49.59794651789859,6.0
2026-03-26,5.12.,Clonmel,La Tene (IRE),115.1612433369641,49.8347959,131.0860138126182,0.00868347693220001,-56.72606993814543,3.0
2026-03-26,5.12.,Clonmel,Lake Okeechobee (IRE),61.33779382423317,58.27375881,5.258001331651477,0.01630316217217651,-4.995345973827048,16.0
2026-03-26,5.12.,Clonmel,Larkins Lane (IRE),13.432418195806891,14.12951095,-4.933594351990713,0.07444675898433264,5.189629626113912,5.0
2026-03-26,5.12.,Clonmel,Lissen To The Lady (IRE),14.083116369607657,22.47090108,-37.327318030240484,0.07100701107306544,59.55915218093182,9.0
2026-03-26,5.12.,Clonmel,Lucky Crystal (IRE),147.8522001697579,172.32738578,-14.202725527031482,0.00676351112023927,16.55381900447925,15.0
2026-03-26,5.12.,Clonmel,Silent Guardian,34.85505826914613,34.0,2.5148772621944917,0.02869024037424161,-2.45318272757854,1.0
2026-03-26,5.12.,Clonmel,Uncle Gerhard (IRE),9.806993699652894,5.8,69.0860982698775,0.10196804756134326,-40.858532414420914,2.0
2026-03-26,5.20.,Chepstow,Dukeboxrock,47.50544129322595,66.92717925,-29.0192088990125,0.02105022020167183,40.88318606892616,5.0
2026-03-26,5.20.,Chepstow,Egor Flight (IRE),122.14046402332787,360.0,-66.07209332685338,0.008187294914885929,194.74261693589347,6.0
2026-03-26,5.20.,Chepstow,Lord Du Gouet (FR),3.9235018497730603,2.88,36.23270311712015,0.2548743541583499,-26.59618600239523,3.0
2026-03-26,5.20.,Chepstow,Mariniere,578.7631605738686,1000.0,-42.12368394261314,0.0017278224809755634,72.78224809755633,8.0
2026-03-26,5.20.,Chepstow,Roccobye,48.54769926875685,95.71060421,-49.276572152613674,0.020598298478864387,97.14755931100345,9.0
2026-03-26,5.20.,Chepstow,Shuil Rocco (IRE),16.027302433810092,60.79040447,-73.6351442739297,0.06239353154592435,279.2928018988445,7.0
2026-03-26,5.20.,Chepstow,Stick To The Board (IRE),2.298496989500465,2.12,8.419669316059675,0.4350669174543192,-7.765813499684338,1.0
2026-03-26,5.20.,Chepstow,Telluswhen,72.6207736787329,100.0,-27.379226321267097,0.013770164504497029,37.70164504497029,
2026-03-26,5.20.,Chepstow,Trigg,8.716044174757625,13.0,-32.953506348018266,0.11473094674027486,49.15023076235732,2.0
2026-03-26,5.20.,Chepstow,Valiant Soldier (IRE),14.792801040481837,19.5,-24.139481843682887,0.06760044952023687,31.82087656446191,4.0
2026-03-26,5.30.,Chelmsford City,Admirable Fellow,56.548779053619434,130.0,-56.500939189523514,0.01768384776357067,129.8900209264187,6.0
2026-03-26,5.30.,Chelmsford City,Blue Deveron,3.73093633936002,5.4,-30.908586308147783,0.2680292315498295,44.73578503690794,3.0
2026-03-26,5.30.,Chelmsford City,Fenay Bridge (IRE),206.0066650127563,913.60293113,-77.4511816902826,0.0048542118767763084,343.48221989488945,10.0
2026-03-26,5.30.,Chelmsford City,Hallandale Beach,17.985958618904665,15.78909245,13.91382168330178,0.05559892698457123,-12.21434017198052,4.0
2026-03-26,5.30.,Chelmsford City,Hever Beauty,130.3041420694755,1000.0,-86.96958579305245,0.007674353125834024,667.4353125834024,11.0
2026-03-26,5.30.,Chelmsford City,Militzie,38.33621070592754,32.0,19.80065845602357,0.026084998532350512,-16.528004696478348,7.0
2026-03-26,5.30.,Chelmsford City,Moscow Power,2.4463035049843205,2.02,21.104133910114875,0.40878002176038636,-17.426435604401945,1.0
2026-03-26,5.30.,Chelmsford City,My Mate Mackley,457.6331836932023,1000.0,-54.236681630679776,0.002185156224751396,118.51562247513958,8.0
2026-03-26,5.30.,Chelmsford City,Romeos Guardian,11.18193999877805,12.94081356,-13.591676852981028,0.08942992004153831,15.72959219432548,9.0
2026-03-26,5.30.,Chelmsford City,Sargent Dennis (IRE),30.674155347482557,26.18455268,17.145997192886007,0.032600734679465934,-14.636434537882137,5.0
2026-03-26,5.30.,Chelmsford City,The Untamed (IRE),11.48387811883079,9.05381301,26.84023964429975,0.08707859746092579,-21.160666141571703,2.0
2026-03-26,5.42.,Clonmel,Added Bonus (IRE),18.683564181934305,16.0,16.772276137089403,0.05352297828521015,-14.363234743663755,4.0
2026-03-26,5.42.,Clonmel,Ballyredinkingston (IRE),24.99635621379354,21.63298841,15.547402605914588,0.04000583090779359,-13.455432363928143,
2026-03-26,5.42.,Clonmel,Boston Breeze,24.55004442825719,42.0,-41.54751326605431,0.040733123841071195,71.07912013249901,
2026-03-26,5.42.,Clonmel,Brave Endeavour (IRE),19.144237206550688,26.0,-26.368318436343507,0.052235040195690044,35.8111045087941,9.0
2026-03-26,5.42.,Clonmel,Dark Lieutenant (IRE),45.265525147445004,38.03216925,19.01904634967673,0.02209186785622534,-15.97983426434032,8.0
2026-03-26,5.42.,Clonmel,Live My Dream (FR),29.313491750067005,28.0,4.691041964525017,0.03411398439074438,-4.480843705915738,7.0
2026-03-26,5.42.,Clonmel,Marlpark (IRE),26.80788968334008,46.48080192,-42.32481244734066,0.037302451323554045,73.38478511005573,2.0
2026-03-26,5.42.,Clonmel,Ode To Joy (IRE),12.007995886806036,14.56424627,-17.551545996990097,0.08327784331594958,21.287901888796302,3.0
2026-03-26,5.42.,Clonmel,Opposite Ends (IRE),8.075627196902307,5.16207327,56.44154537353763,0.12382939128041788,-36.07836092309839,
2026-03-26,5.42.,Clonmel,Ossifer Hops (IRE),39.25126423707562,14.0837449,178.69905707448322,0.02547688639937943,-64.11900311048606,
2026-03-26,5.42.,Clonmel,Potters Pal (FR),4.859803723955356,6.2,-21.616068968461995,0.20576962708817131,27.57716879466623,1.0
2026-03-26,5.42.,Clonmel,Qaasid (IRE),15.390715499270943,33.87765694,-54.569716770763954,0.06497423723071029,120.11749188401791,
2026-03-26,5.42.,Clonmel,Spellacys Cross (IRE),4.981681977133443,5.18493516,-3.920071834930286,0.20073541518509772,4.080011205041112,5.0
2026-03-26,5.42.,Clonmel,Strand Street Lass (IRE),89.53401253111159,174.97791961,-48.83125097688342,0.011168939844536919,95.43178582463068,10.0
2026-03-26,5.42.,Clonmel,The Cobblers Wife (IRE),209.97891819134563,210.0,-0.010038956502082134,0.004762382855448083,0.01003996440973598,6.0
2026-03-26,6.00.,Chelmsford City,Combustion,4.105292904931068,4.72306782,-13.079950121676035,0.24358797853348077,15.04825427503338,2.0
2026-03-26,6.00.,Chelmsford City,Gold Star Hero (IRE),6.005864664673695,5.98842321,0.2912528734537277,0.1665039183919625,-0.2904070545626025,1.0
2026-03-26,6.00.,Chelmsford City,Hectic,23.02518096381637,11.5,100.21896490275107,0.04343071186156933,-50.054681359195264,4.0
2026-03-26,6.00.,Chelmsford City,Hierarchy (IRE),36.582481944682904,36.55648174,0.07112337797663987,0.027335488103626206,-0.07107282858013209,7.0
2026-03-26,6.00.,Chelmsford City,Hunky Dory,7.850243949927009,6.6,18.943090150409233,0.12738457637476322,-15.926179592656275,5.0
2026-03-26,6.00.,Chelmsford City,Lazzar (IRE),7.926082283480338,11.80784022,-32.87441110479103,0.1261657353828152,48.97448446390824,8.0
2026-03-26,6.00.,Chelmsford City,Supreme King (IRE),9.181653257780388,8.85140877,3.730982223978649,0.10891284738427862,-3.596786749712455,3.0
2026-03-26,6.00.,Chelmsford City,Tyger Bay,14.075805537320122,13.77206681,2.20546945865507,0.07104389140277857,-2.157878115854883,9.0
2026-03-26,6.00.,Chelmsford City,Ziggys Condor (IRE),11.677488429657386,11.0,6.15898572415805,0.08563485256472567,-5.80166217880177,6.0
2026-03-26,6.12.,Clonmel,Ballydiamond (IRE),19.149282296044834,16.32670386,17.288109469297595,0.05222127829858897,-14.739865402829333,6.0
2026-03-26,6.12.,Clonmel,Ballydine Boy (IRE),24.31849870545287,70.0,-65.25928756363875,0.041120959484878594,187.84671639415015,4.0
2026-03-26,6.12.,Clonmel,Brickfield Belle (IRE),9.317072255077887,15.6281223,-40.382650735476474,0.10732985347999112,67.73640766263816,3.0
2026-03-26,6.12.,Clonmel,Detroit Maverick (IRE),3.71183650944267,2.97244174,24.874996185549136,0.2694084174925445,-19.919917473781467,5.0
2026-03-26,6.12.,Clonmel,Facile Ocean (IRE),47.82655998718435,70.7902576,-32.43906490999356,0.020908884106821835,48.014529205046365,7.0
2026-03-26,6.12.,Clonmel,Go On Ta (IRE),334.4598084267839,843.08920892,-60.32925046505719,0.002989895870310254,152.07489440530472,8.0
2026-03-26,6.12.,Clonmel,Scarecrow (IRE),2.84098325496266,3.45548337,-17.783333017092197,0.35199081101699187,21.62983938620282,2.0
2026-03-26,6.12.,Clonmel,Tadhgs Rock (IRE),6.492245975474657,4.42552321,46.70007742371907,0.15402990024987287,-31.833710141020287,1.0
2026-03-26,6.30.,Chelmsford City,A Lott Of Kane (IRE),15.042111306290277,5.71635046,163.1418666778222,0.06648002927500092,-61.99768540730351,2.0
2026-03-26,6.30.,Chelmsford City,Amakhala,60.76302172201092,70.0,-13.195683254270115,0.016457377721848188,15.201644052937313,9.0
2026-03-26,6.30.,Chelmsford City,Faithful Dream,3.7739609301576658,5.14733715,-26.68129519828198,0.26497359631071293,36.39084360592357,3.0
2026-03-26,6.30.,Chelmsford City,Go Lockers Go,4.065800619868963,5.0,-18.683987602620746,0.24595401828440597,22.977009142203,1.0
2026-03-26,6.30.,Chelmsford City,Hurricane Ann,10.139527473248513,13.5,-24.89238908704805,0.09862392529024026,33.14229914182436,7.0
2026-03-26,6.30.,Chelmsford City,In Denial,10.639424031824436,13.5,-21.189451616115285,0.09399005030806364,26.886567915885905,6.0
2026-03-26,6.30.,Chelmsford City,Magnificent Mel (IRE),12.487841713920563,7.8,60.10053479385338,0.08007788879044413,-37.53924674345358,5.0
2026-03-26,6.30.,Chelmsford City,Saeculamation (IRE),9.963518274280908,11.09901809,-10.2306330750299,0.100366153046693,11.3965748288954,8.0
2026-03-26,6.30.,Chelmsford City,What A Tahoo (IRE),30.23252350264716,21.0,43.96439763165315,0.03307696097259099,-30.538381957558926,4.0
2026-03-26,7.00.,Chelmsford City,Angelardo (IRE),6.5828029166949555,7.8,-15.605090811603132,0.15191097358601655,18.4905593970929,8.0
2026-03-26,7.00.,Chelmsford City,Bohemian Breeze (IRE),26.992806471058596,16.5,63.59276649126422,0.03704690733333674,-38.87260289999439,4.0
2026-03-26,7.00.,Chelmsford City,Dynamite Defense (IRE),4.7755768029602965,4.7,1.6080170842616242,0.2093987891431497,-1.5825691027196442,3.0
2026-03-26,7.00.,Chelmsford City,El Ghaawy,14.329608465294838,27.0,-46.927376054463565,0.06978557735348595,88.42105885441207,7.0
2026-03-26,7.00.,Chelmsford City,Fiddlers Green (IRE),7.907512462500309,5.9,34.02563495763234,0.1264620201033241,-25.38740813903877,6.0
2026-03-26,7.00.,Chelmsford City,Kings Cruiser,14.228780465270255,12.5,13.830243722162038,0.07028009198966909,-12.149885012913641,1.0
2026-03-26,7.00.,Chelmsford City,Smokey Malone,7.181075802238231,8.80277806,-18.42261893584272,0.1392549010119508,22.58299873754721,5.0
2026-03-26,7.00.,Chelmsford City,Take The Boat (IRE),5.105668459435567,4.64330007,9.957753805809217,0.1958607394790672,-9.055981466659546,2.0
2026-03-26,7.30.,Chelmsford City,Bang On The Bell,6.799049706455809,5.01705654,35.5186981101036,0.14707937773281518,-26.209444604644936,5.0
2026-03-26,7.30.,Chelmsford City,Clover Time,3.2426016098030606,2.38,36.24376511777566,0.30839434513841957,-26.602145857056147,4.0
2026-03-26,7.30.,Chelmsford City,Diamond Dreamer,4.18740001740615,5.9,-29.027118349048315,0.23881167212189147,40.89888655191598,6.0
2026-03-26,7.30.,Chelmsford City,Fiorella Princess (IRE),12.173767661815775,16.0,-23.913952113651405,0.08214383810992211,31.430140975875375,2.0
2026-03-26,7.30.,Chelmsford City,Initial Blue (IRE),6.954967466556128,9.20012645,-24.403566577542776,0.14378212476314678,32.281372907062675,3.0
2026-03-26,7.30.,Chelmsford City,Manhattan Chute (IRE),81.6863611181285,85.0,-3.8983986845547034,0.012241945733803435,4.056538737329207,7.0
2026-03-26,7.30.,Chelmsford City,Skellig Isle,14.804573033122894,21.0,-29.502033175605263,0.0675466964000014,41.84806244000294,1.0
2026-03-26,8.00.,Chelmsford City,Bint Havana Gold,5.072085487712595,7.4,-31.458304220100068,0.19715756022301967,45.89659456503454,11.0
2026-03-26,8.00.,Chelmsford City,Caragio (IRE),5.451673633613168,3.63501247,49.97675189854762,0.1834299092730606,-33.32299924214561,2.0
2026-03-26,8.00.,Chelmsford City,Devious Devan (IRE),9.473856580265954,9.6,-1.3139939555629754,0.10555363505111533,1.331489649070705,8.0
2026-03-26,8.00.,Chelmsford City,Francisco,22.491500956557584,19.0,18.37632082398728,0.04446123902230908,-15.523645857612756,3.0
2026-03-26,8.00.,Chelmsford City,King David (IRE),6.406477409561888,8.19766904,-21.850011530083815,0.1560920200089156,27.959071981814777,4.0
2026-03-26,8.00.,Chelmsford City,Macarone,16.09115596479696,17.5,-8.050537344017366,0.06214593918471277,8.755393573247328,10.0
2026-03-26,8.00.,Chelmsford City,My Boy Harry,13.808123839584498,16.19982232,-14.763732793925492,0.07242113495051701,17.320951841111754,6.0
2026-03-26,8.00.,Chelmsford City,Orbital Chime,16.785684186622206,12.5,34.285473492977644,0.05957457491050478,-25.531781361869033,5.0
2026-03-26,8.00.,Chelmsford City,Sanditon (IRE),22.589804217771533,23.58181542,-4.206678682537445,0.04426775860294062,4.3914112431662655,9.0
2026-03-26,8.00.,Chelmsford City,Shades Of May,17.86477733882719,18.5,-3.433636006339521,0.05597606849689677,3.5557267192590336,1.0
2026-03-26,8.00.,Chelmsford City,The Organiser,52.85367488498898,38.08441203,38.78033575352267,0.018920160276007805,-27.943682037488017,7.0
2026-03-26,8.30.,Chelmsford City,Aneirins Sword (IRE),10.403020819839965,12.5,-16.775833441280284,0.09612592508638117,20.15740635797645,3.0
2026-03-26,8.30.,Chelmsford City,Berkshire Schmokin (IRE),5.564963409645728,8.8,-36.76177943584401,0.17969570083186967,58.132216732045315,5.0
2026-03-26,8.30.,Chelmsford City,Engross (IRE),2.7133103792709,2.24,21.129927646022306,0.36855348641267954,-17.444019043559777,1.0
2026-03-26,8.30.,Chelmsford City,Pantiles Gift,16.085614295697468,14.00168082,14.883452226112572,0.062167349136767316,-12.955261996148149,4.0
2026-03-26,8.30.,Chelmsford City,Port Darwin (IRE),5.918017032336247,6.84487623,-13.54091975544388,0.16897551908620165,15.661651404505283,6.0
2026-03-26,8.30.,Chelmsford City,Zipwire (IRE),8.033288698638026,7.53437243,6.621868951572732,0.12448201944610073,-6.210610465457478,2.0
